SSN,gender,birthdate,maiden name,last name,first name,address,city,state,zip,phone,email,cc_type,CCN,cc_cvc,cc_expiredate
172-32-1176,m,4/21/58,Smith,White,Johnson,10932 Bigge Rd,Menlo Park,CA,94025,408 496-7223,jwhite@domain.com,m,5270-4267-6450-5516,123,6/25/10
514-14-8905,f,12/22/44,Amaker,Borden,Ashley,4469 Sherman Street,Goff,KS,66428,785-939-6046,aborden@domain.com,m,5370-4638-8881-3020,713,2/1/11
213-46-8915,f,4/21/58,Pinson,Green,Marjorie,309 63rd St. #411,Oakland,CA,94618,415 986-7020,mgreen@domain.com,v,4916-9766-5240-6147,258,2/25/09
524-02-7657,m,3/25/62,Hall,Munsch,Jerome,2183 Roy Alley,Centennial,CO,80112,303-901-6123,jmunsch@domain.com,m,5180-3807-3679-8221,612,3/1/10
489-36-8350,m,9/6/64,Porter,Aragon,Robert,3181 White Oak Drive,Kansas City,MO,66215,816-645-6936,raragon@domain.com,v,4929-3813-3266-4295,911,12/1/11
514-30-2668,f,5/27/86,Nicholson,Russell,Jacki,3097 Better Street,Kansas City,MO,66215,913-227-6106,jrussell@domain.com,a,3.4539E+14,232,1/1/10
505-88-5714,f,9/23/63,Mcclain,Venson,Lillian,539 Kyle Street,Wood River,NE,68883,308-583-8759,lvenson@domain.com,d,3.02049E+13,471,12/1/11
690-05-5315,m,10/2/69,Kings,Conley,Thomas,570 Nancy Street,Morrisville,NC,27560,919-656-6779,tconley@domain.com,v,4916 4811 5814 8111,731,10/1/10
646-44-9061,M,1/12/78,Kurtz,Jackson,Charles,1074 Small Street,New York,NY,10011,212-847-4915,cjackson@domain.com,m,5218 0144 2703 9266,892,11/1/11
421-37-1396,f,4/9/80,Linden,Davis,Susan,4222 Bedford Street,Jasper,AL,35501,205-221-9156,sdavis@domain.com,v,4916 4034 9269 8783,33,4/1/11
461-97-5660,f,1/4/75,Kingdon,Watson,Gail,3414 Gore Street,Houston,TX,77002,713-547-3414,gwatson@domain.com,v,4532 1753 6071 1112,694,9/1/11
660-03-8360,f,7/11/53,Onwunli,Garrison,Lisa,515 Hillside Drive,Lake Charles,LA,70629,337-965-2982,lgarrison@domain.com,v,4539 5385 7425 5825,680,6/1/11
751-01-2327,f,2/16/68,Simpson,Renfro,Julie,4032 Arron Smith Drive,Kaunakakai,HI,96748,808-560-1638,jrenfro@domain.com,m,5325 3256 9519 6624,238,3/1/09
559-81-1301,m,1/20/52,Mcafee,Heard,James,2865 Driftwood Road,San Jose,CA,95129,408-370-0031,jheard@domain.com,v,4532 4220 6922 9909,311,9/1/10
624-84-9181,m,1/16/80,Frazier,Reyes,Danny,3500 Diane Street,San Luis Obispo,CA,93401,805-369-0464,dreyes@domain.com,v,4532 0065 1968 5602,713,11/1/09
449-48-3135,m,6/14/82,Feusier,Hall,Mark,4986 Chapel Street,Houston,TX,77077,101-597-5517,mhall@domain.com,v,4556 0072 1294 7415,953,5/1/10
477-36-0282,m,3/10/61,Vasquez,Mceachern,Monte,456 Oral Lake Road,Minneapolis,MN,55401,952-412-3707,mmceachern@domain.com,m,5527 1247 5046 7780,889,3/1/09
458-02-6124,m,9/20/55,Pennebaker,Diaz,Christopher,582 Thrash Trail,Dallas,TX,75247,903-624-9156,cdiaz@domain.com,m,5299 1561 5689 1938,584,8/1/11
044-34-6954,m,5/28/67,Simpson,Lowe,Tim,1620 Maxwell Street,East Hartford,CT,6108,860-755-0293,tlowe@domain.com,m,5144 8691 2776 1108,616,10/1/11
587-03-2682,f,10/24/58,Dickerson,Oyola,Lynette,2489 O Conner Street,Pascagoula,MS,39567,228-938-2056,loyola@domain.com,v,4532 9929 3036 9308,991,7/1/11
421-90-3440,f,7/17/53,Kroeger,Morrison,Adriane,4696 Retreat Avenue,Birmingham,AL,35209,205-276-1807,amorrison@domain.com,v,4539 0031 3703 0728,322,12/1/09
451-80-3526,m,6/9/50,Parmer,Santos,Thomas,173 Lunetta Street,Fort Worth,TX,76104,940-859-1393,tsantos@domain.com,v,4716 6984 4983 6160,767,9/1/11
300-62-3266,m,2/10/65,Spain,Faulkner,Victor,1843 Olive Street,Toledo,OH,43602,419-340-3832,vfaulkner@domain.com,m,5548 0246 6336 5664,276,2/1/10
322-84-2281,m,8/19/77,Miley,Iorio,Albert,4899 University Hill Road,Springfield,IL,62701,217-615-6419,aiorio@domain.com,v,4916 6734 7572 5015,347,2/1/10
465-73-5022,f,6/20/64,Summers,Kaminski,Teresa,1517 Gambler Lane,Houston,TX,77006,281-906-2148,tkaminski@domain.com,m,5399 0706 4128 0178,721,10/1/09
612-20-6832,m,8/18/79,Banas,Edwards,Rick,4254 Walkers Ridge Way,Gardena,CA,90248,626-991-3620,redwards@domain.com,m,5293 8502 0071 3058,701,8/1/10
687-05-8365,f,5/24/76,Robbins,Peacock,Stacey,3396 Nancy Street,Raleigh,NC,27612,000-571-2339,speacock@domain.com,m,5495 8602 4508 6804,436,2/1/11
205-52-0027,f,3/26/50,Sanford,Nelson,Agnes,4213 High Meadow Lane,Avoca,PA,18641,570-480-8704,anelson@domain.com,m,5413 4428 0145 0036,496,2/1/10
404-12-2154,f,9/21/84,Garcia,Townsend,Mireille,2877 Glen Street,Paducah,KY,42003,270-408-7254,mtownsend@domain.com,v,4539 8219 0484 7598,710,3/1/11
151-32-2558,f,11/19/52,Stockdale,Zwick,Rebecca,784 Beechwood Avenue,Piscataway,NJ,8854,908-814-6733,rzwick@domain.com,v,5252 5971 4219 4116,173,2/1/11